{
  "project_info": {
    "project_number": "658675783751",
    "project_id": "smart-internz-assignment-4",
    "storage_bucket": "smart-internz-assignment-4.appspot.com"
  },
  "client": [
    {
      "client_info": {
        "mobilesdk_app_id": "1:658675783751:android:20488a6c99d93643ea7962",
        "android_client_info": {
          "package_name": "arush.smartinternzassignment4"
        }
      },
      "oauth_client": [
        {
          "client_id": "658675783751-orravmla7hh0d3qlcqd5ntbehp8vrovm.apps.googleusercontent.com",
          "client_type": 1,
          "android_info": {
            "package_name": "arush.smartinternzassignment4",
            "certificate_hash": "1a8fdd0227e3a51fa01da833c94eaadcf81e5b6b"
          }
        },
        {
          "client_id": "658675783751-lu3nc0pfguu4p2ltdd7ml505l3eiqlho.apps.googleusercontent.com",
          "client_type": 3
        }
      ],
      "api_key": [
        {
          "current_key": "AIzaSyBRkAOkaNjeeIBOsXwQyVOyVa3ikyVYA_M"
        }
      ],
      "services": {
        "appinvite_service": {
          "other_platform_oauth_client": [
            {
              "client_id": "658675783751-lu3nc0pfguu4p2ltdd7ml505l3eiqlho.apps.googleusercontent.com",
              "client_type": 3
            }
          ]
        }
      }
    }
  ],
  "configuration_version": "1"
}